{
  "project_info": {
    "project_number": "145748002252",
    "firebase_url": "https://fir-chat-app-c24e8.firebaseio.com",
    "project_id": "fir-chat-app-c24e8",
    "storage_bucket": "fir-chat-app-c24e8.appspot.com"
  },
  "client": [
    {
      "client_info": {
        "mobilesdk_app_id": "1:145748002252:android:fa6b2726f2e1a0bcb20969",
        "android_client_info": {
          "package_name": "com.goldenbirds.firebasechatapp"
        }
      },
      "oauth_client": [
        {
          "client_id": "145748002252-lhmac5g0if83vf1jmj5m5ajupg5m2qtv.apps.googleusercontent.com",
          "client_type": 3
        }
      ],
      "api_key": [
        {
          "current_key": "AIzaSyBOd_q4tqUJKbQDOBiyGieSqshcEAQNaqo"
        }
      ],
      "services": {
        "appinvite_service": {
          "other_platform_oauth_client": [
            {
              "client_id": "145748002252-lhmac5g0if83vf1jmj5m5ajupg5m2qtv.apps.googleusercontent.com",
              "client_type": 3
            }
          ]
        }
      }
    }
  ],
  "configuration_version": "1"
}